iter	MultiClass
0	1.424161775
1	1.164773248
2	0.9986443104
3	0.8801966689
4	0.7818240923
5	0.7163855556
6	0.6549571586
7	0.6005479042
8	0.5592598035
9	0.5288631379
